jungkook,21:04:03
jungkook,21:04:03
jungkook,21:04:03
jungkook,21:04:03
jungkook,21:04:03
jungkook,21:04:03
jungkook,21:04:03
jungkook,21:04:03
jungkook,21:04:03
jungkook,21:04:03
jungkook,21:04:03
jungkook,21:04:03
jungkook,21:04:03
jungkook,21:04:03
jungkook,21:04:03
jungkook,21:04:03
jungkook,21:04:03
jungkook,21:04:03
jungkook,21:04:03
jungkook,21:04:03
jungkook,21:04:03
jungkook,21:04:03
jungkook,21:04:04
jungkook,21:04:04
jungkook,21:04:04
jungkook,21:04:04
jungkook,21:04:04
jungkook,21:04:04
jungkook,21:04:04
jungkook,21:04:04
jungkook,21:04:04
jungkook,21:04:04
jungkook,21:04:04
jungkook,21:04:04
jungkook,21:04:04
jungkook,21:04:04
jungkook,21:04:04
jungkook,21:04:04
jungkook,21:04:04
jungkook,21:04:04
jungkook,21:04:04
jungkook,21:04:04
jungkook,21:04:04
jungkook,21:04:04
jungkook,21:04:04
jungkook,21:04:04
jungkook,21:04:04
jungkook,21:04:04
jungkook,21:04:04
jungkook,21:04:05
jungkook,21:04:05
jungkook,21:04:05
jungkook,21:04:05
jungkook,21:04:05
jungkook,21:04:05
jungkook,21:04:05
jungkook,21:04:05
jungkook,21:04:05
jungkook,21:04:05
jungkook,21:04:05
jungkook,21:04:05
jungkook,21:04:05
jungkook,21:04:05
jungkook,21:04:05
jungkook,21:04:05
jungkook,21:04:05
jungkook,21:04:05
jungkook,21:04:05
jungkook,21:04:05
jungkook,21:04:05
jungkook,21:04:05
jungkook,21:04:05
jungkook,21:04:05
jungkook,21:04:05
jungkook,21:04:05
jungkook,21:04:06
jungkook,21:04:06
jungkook,21:04:06
jungkook,21:04:06
jungkook,21:04:06
jungkook,21:04:06
jungkook,21:04:06
jungkook,21:04:06
jungkook,21:04:06
jungkook,21:04:06
jungkook,21:04:06
jungkook,21:04:06
jungkook,21:04:06
jungkook,21:04:06
jungkook,21:04:06
jungkook,21:04:06
jungkook,21:04:06
jungkook,21:04:06
jungkook,21:04:06
jungkook,21:04:06
jungkook,21:04:06
jungkook,21:04:06
jungkook,21:04:06
jungkook,21:04:06
jungkook,21:04:06
jungkook,21:04:06
jungkook,21:04:06
jungkook,21:04:07
jungkook,21:04:07
jungkook,21:04:07
jungkook,21:04:07
jungkook,21:04:07
jungkook,21:04:07
jungkook,21:04:07
jungkook,21:04:07
jungkook,21:04:07
jungkook,21:04:07
jungkook,21:04:07
jungkook,21:04:07
jungkook,21:04:07
jungkook,21:04:07
jungkook,21:04:07
jungkook,21:04:07
jungkook,21:04:07
jungkook,21:04:07
jungkook,21:04:07
jungkook,21:04:07
jungkook,21:04:07
jungkook,21:04:07
jungkook,21:04:07
jungkook,21:04:07
jungkook,21:04:07
jungkook,21:04:07
jungkook,21:04:07
jungkook,21:04:07

